{
	"description": "项目配置文件",
	"packOptions": {
		"ignore": []
	},
	"setting": {
		"urlCheck": false,
		"es6": true,
		"postcss": true,
		"minified": true,
		"newFeature": true,
		"coverView": true,
		"autoAudits": false,
		"checkInvalidKey": true,
		"checkSiteMap": true,
		"uploadWithSourceMap": true,
		"babelSetting": {
			"ignore": [],
			"disablePlugins": [],
			"outputPath": ""
		}
	},
	"compileType": "miniprogram",
	"libVersion": "2.8.3",
	"appid": "wxa89e971e89921db3",
	"projectname": "%E5%95%86%E9%93%BA%E7%AE%A1%E7%90%86%E5%B0%8F%E7%A8%8B%E5%BA%8F",
	"debugOptions": {
		"hidedInDevtools": []
	},
	"isGameTourist": false,
	"simulatorType": "wechat",
	"simulatorPluginLibVersion": {},
	"condition": {
		"search": {
			"current": -1,
			"list": []
		},
		"conversation": {
			"current": -1,
			"list": []
		},
		"plugin": {
			"current": -1,
			"list": []
		},
		"game": {
			"currentL": -1,
			"list": []
		},
		"miniprogram": {
			"current": 7,
			"list": [
				{
					"id": -1,
					"name": "pages/index/index",
					"pathName": "pages/index/index",
					"query": "",
					"scene": null
				},
				{
					"id": -1,
					"name": "pages/register/register",
					"pathName": "pages/register/register",
					"query": "",
					"scene": null
				},
				{
					"id": -1,
					"name": "pages/addShop/addShop",
					"pathName": "pages/addShop/addShop",
					"query": "",
					"scene": null
				},
				{
					"id": -1,
					"name": "pages/search/search",
					"pathName": "pages/search/search",
					"query": "",
					"scene": null
				},
				{
					"id": -1,
					"name": "pages/mine/mine",
					"pathName": "pages/mine/mine",
					"query": "",
					"scene": null
				},
				{
					"id": 5,
					"name": "pages/shopDetail/shopDetail",
					"pathName": "pages/shopDetail/shopDetail",
					"query": "id=1",
					"scene": null
				},
				{
					"id": -1,
					"name": "pages/appriseList/appriseList",
					"pathName": "pages/appriseList/appriseList",
					"query": "",
					"scene": null
				},
				{
					"id": -1,
					"name": "pages/addApprise/addApprise",
					"pathName": "pages/addApprise/addApprise",
					"scene": null
				}
			]
		}
	}
}